<ZCodeParameters>
 <ConographOutput>
  <LatticeCandidate>
   <CrystalSystem>  Orthorhombic(P) </CrystalSystem>

   <!-- a, b, c(angstrom), alpha, beta, gamma(deg.)-->
   <ReducedLatticeParameters>    1.0769e+01    2.3868e+01    3.2509e+01    9.0000e+01    9.0000e+01    9.0000e+01 </ReducedLatticeParameters>
   <OptimizedLatticeParameters>    1.0769e+01    2.3868e+01    3.2509e+01    9.0000e+01    9.0000e+01    9.0000e+01 </OptimizedLatticeParameters>

   <VolumeOfUnitCell>    8.3560e+03 </VolumeOfUnitCell>
   <FigureOfMeritWolff name="M20">    6.6931e+01 </FigureOfMeritWolff>
   <FigureOfMeritWu name="Mwu20">    6.6012e+01 </FigureOfMeritWu>
   <ReversedFigureOfMeritWolff name="Mrev20">    4.3253e+00 </ReversedFigureOfMeritWolff>
   <SymmetricFigureOfMeritWolff name="Msym20">    2.8949e+02 </SymmetricFigureOfMeritWolff>
   <!-- Number of reflections up to the 20th reflection. (The multiplicity of peaks is considered.)-->
   <NumberOfMillerIndicesInRange>    3.6000e+01 </NumberOfMillerIndicesInRange>
   <NumberOfIndexedPeaks>            20 </NumberOfIndexedPeaks>
   <NumberOfPeaksNecessaryToResolveDominantZone>            11 </NumberOfPeaksNecessaryToResolveDominantZone>

   <EquivalentLatticeCandidates>
<!-- Almost equivalent unitcell parameters of different centring types. -->
   </EquivalentLatticeCandidates>

   <IndexingResults>
    <!-- q_obs, q_err, q_cal, peak_pos, peak_width, pos_cal, hkl, fix_or_fit.-->
     2.7000e-03     2.3164e-05     2.7016e-03     3.5598e+00     3.5991e-02     3.5609e+00       [0,1,-1]    1
     5.5413e-03     3.2042e-05     5.5404e-03     5.1015e+00     3.4769e-02     5.1011e+00       [0,1,-2]    1
     7.0282e-03     6.5715e-05     7.0216e-03     5.7461e+00     6.3334e-02     5.7434e+00        [0,2,0]    1
     7.9579e-03     6.0299e-05     7.9678e-03     6.1148e+00     5.4623e-02     6.1186e+00       [0,2,-1]    1
     8.6246e-03     4.3867e-05     8.6224e-03     6.3661e+00     3.8175e-02     6.3653e+00        [1,0,0]    1
     9.5723e-03     4.6414e-05     9.5686e-03     6.7073e+00     3.8347e-02     6.7060e+00       [1,0,-1]    1
     1.0377e-02     5.3327e-05     1.0378e-02     6.9840e+00     4.2322e-02     6.9842e+00       [1,-1,0]    1
     1.0808e-02     5.9439e-05     1.0807e-02     7.1275e+00     4.6227e-02     7.1272e+00        [0,2,2]    1
     1.1322e-02     5.7753e-05     1.1324e-02     7.2957e+00     4.3887e-02     7.2962e+00      [1,-1,-1]    1
     1.2409e-02     5.7274e-05     1.2407e-02     7.6383e+00     4.1582e-02     7.6378e+00        [1,0,2]    1
     1.4162e-02     6.5999e-05     1.4163e-02     8.1611e+00     4.4866e-02     8.1612e+00      [1,-1,-2]    1
     1.5150e-02     8.5862e-05     1.5140e-02     8.4414e+00     5.6444e-02     8.4386e+00        [0,0,4]    1
     1.6586e-02     8.8999e-05     1.6590e-02     8.8332e+00     5.5932e-02     8.8344e+00       [1,-2,1]    1
     1.6893e-02     6.5782e-05     1.6895e-02     8.9148e+00     4.0965e-02     8.9155e+00        [0,1,4]    1
     1.8892e-02     8.1906e-05     1.8894e-02     9.4288e+00     4.8250e-02     9.4293e+00      [1,-1,-3]    1
     1.9427e-02     9.2846e-05     1.9429e-02     9.5617e+00     5.3941e-02     9.5622e+00        [1,2,2]    1
     2.2163e-02     6.9577e-05     2.2162e-02     1.0215e+01     3.7864e-02     1.0214e+01       [0,2,-4]    1
     2.4332e-02     1.2617e-04     2.4315e-02     1.0704e+01     6.5554e-02     1.0701e+01       [0,3,-3]    1
     2.5486e-02     1.4102e-04     2.5518e-02     1.0956e+01     7.1611e-02     1.0963e+01       [1,-1,4]    1
     2.8210e-02     1.5669e-04     2.8206e-02     1.1529e+01     7.5663e-02     1.1528e+01       [1,-3,2]    1
   </IndexingResults>

   <OptimizedZeroShitParameters>
    <Parameter>     2.0022e-03  </Parameter>  <Error>     1.7489e-02  </Error>
   </OptimizedZeroShitParameters>
  </LatticeCandidate>

  <LatticeCandidate>
   <CrystalSystem>  Orthorhombic(P) </CrystalSystem>

   <!-- a, b, c(angstrom), alpha, beta, gamma(deg.)-->
   <ReducedLatticeParameters>    1.0769e+01    2.3868e+01    3.2509e+01    9.0000e+01    9.0000e+01    9.0000e+01 </ReducedLatticeParameters>
   <OptimizedLatticeParameters>    1.0769e+01    2.3868e+01    3.2509e+01    9.0000e+01    9.0000e+01    9.0000e+01 </OptimizedLatticeParameters>

   <VolumeOfUnitCell>    8.3560e+03 </VolumeOfUnitCell>
   <FigureOfMeritWolff name="M20">    6.6931e+01 </FigureOfMeritWolff>
   <FigureOfMeritWu name="Mwu20">    6.6012e+01 </FigureOfMeritWu>
   <ReversedFigureOfMeritWolff name="Mrev20">    4.3253e+00 </ReversedFigureOfMeritWolff>
   <SymmetricFigureOfMeritWolff name="Msym20">    2.8949e+02 </SymmetricFigureOfMeritWolff>
   <!-- Number of reflections up to the 20th reflection. (The multiplicity of peaks is considered.)-->
   <NumberOfMillerIndicesInRange>    3.6000e+01 </NumberOfMillerIndicesInRange>
   <NumberOfIndexedPeaks>            20 </NumberOfIndexedPeaks>
   <NumberOfPeaksNecessaryToResolveDominantZone>            11 </NumberOfPeaksNecessaryToResolveDominantZone>

   <EquivalentLatticeCandidates>
<!-- Almost equivalent unitcell parameters of different centring types. -->
   </EquivalentLatticeCandidates>

   <IndexingResults>
    <!-- q_obs, q_err, q_cal, peak_pos, peak_width, pos_cal, hkl, fix_or_fit.-->
     2.7000e-03     2.3164e-05     2.7016e-03     3.5598e+00     3.5991e-02     3.5609e+00       [0,1,-1]    1
     5.5413e-03     3.2042e-05     5.5404e-03     5.1015e+00     3.4769e-02     5.1011e+00       [0,1,-2]    1
     7.0282e-03     6.5715e-05     7.0216e-03     5.7461e+00     6.3334e-02     5.7434e+00        [0,2,0]    1
     7.9579e-03     6.0299e-05     7.9678e-03     6.1148e+00     5.4623e-02     6.1186e+00       [0,2,-1]    1
     8.6246e-03     4.3867e-05     8.6224e-03     6.3661e+00     3.8175e-02     6.3653e+00        [1,0,0]    1
     9.5723e-03     4.6414e-05     9.5686e-03     6.7073e+00     3.8347e-02     6.7060e+00       [1,0,-1]    1
     1.0377e-02     5.3327e-05     1.0378e-02     6.9840e+00     4.2322e-02     6.9842e+00       [1,-1,0]    1
     1.0808e-02     5.9439e-05     1.0807e-02     7.1275e+00     4.6227e-02     7.1272e+00        [0,2,2]    1
     1.1322e-02     5.7753e-05     1.1324e-02     7.2957e+00     4.3887e-02     7.2962e+00      [1,-1,-1]    1
     1.2409e-02     5.7274e-05     1.2407e-02     7.6383e+00     4.1582e-02     7.6378e+00        [1,0,2]    1
     1.4162e-02     6.5999e-05     1.4163e-02     8.1611e+00     4.4866e-02     8.1612e+00      [1,-1,-2]    1
     1.5150e-02     8.5862e-05     1.5140e-02     8.4414e+00     5.6444e-02     8.4386e+00        [0,0,4]    1
     1.6586e-02     8.8999e-05     1.6590e-02     8.8332e+00     5.5932e-02     8.8344e+00        [1,2,1]    1
     1.6893e-02     6.5782e-05     1.6895e-02     8.9148e+00     4.0965e-02     8.9155e+00       [0,1,-4]    1
     1.8892e-02     8.1906e-05     1.8894e-02     9.4288e+00     4.8250e-02     9.4293e+00      [1,-1,-3]    1
     1.9427e-02     9.2846e-05     1.9429e-02     9.5617e+00     5.3941e-02     9.5622e+00        [1,2,2]    1
     2.2163e-02     6.9577e-05     2.2162e-02     1.0215e+01     3.7864e-02     1.0214e+01       [0,2,-4]    1
     2.4332e-02     1.2617e-04     2.4315e-02     1.0704e+01     6.5554e-02     1.0701e+01       [0,3,-3]    1
     2.5486e-02     1.4102e-04     2.5518e-02     1.0956e+01     7.1611e-02     1.0963e+01       [1,1,-4]    1
     2.8210e-02     1.5669e-04     2.8206e-02     1.1529e+01     7.5663e-02     1.1528e+01      [1,-3,-2]    1
   </IndexingResults>

   <OptimizedZeroShitParameters>
    <Parameter>     2.0022e-03  </Parameter>  <Error>     1.7489e-02  </Error>
   </OptimizedZeroShitParameters>
  </LatticeCandidate>

  <LatticeCandidate>
   <CrystalSystem>    Monoclinic(P) </CrystalSystem>

   <!-- a, b, c(angstrom), alpha, beta, gamma(deg.)-->
   <ReducedLatticeParameters>    1.0768e+01    3.2508e+01    2.3867e+01    9.0000e+01    9.0022e+01    9.0000e+01 </ReducedLatticeParameters>
   <OptimizedLatticeParameters>    1.0768e+01    3.2508e+01    2.3867e+01    9.0000e+01    9.0022e+01    9.0000e+01 </OptimizedLatticeParameters>

   <VolumeOfUnitCell>    8.3545e+03 </VolumeOfUnitCell>
   <FigureOfMeritWolff name="M20">    5.5552e+01 </FigureOfMeritWolff>
   <FigureOfMeritWu name="Mwu20">    7.1967e+01 </FigureOfMeritWu>
   <ReversedFigureOfMeritWolff name="Mrev20">    4.8396e+00 </ReversedFigureOfMeritWolff>
   <SymmetricFigureOfMeritWolff name="Msym20">    2.6885e+02 </SymmetricFigureOfMeritWolff>
   <!-- Number of reflections up to the 20th reflection. (The multiplicity of peaks is considered.)-->
   <NumberOfMillerIndicesInRange>    4.7500e+01 </NumberOfMillerIndicesInRange>
   <NumberOfIndexedPeaks>            20 </NumberOfIndexedPeaks>
   <NumberOfPeaksNecessaryToResolveDominantZone>            11 </NumberOfPeaksNecessaryToResolveDominantZone>

   <EquivalentLatticeCandidates>
<!-- Almost equivalent unitcell parameters of different centring types. -->
   </EquivalentLatticeCandidates>

   <IndexingResults>
    <!-- q_obs, q_err, q_cal, peak_pos, peak_width, pos_cal, hkl, fix_or_fit.-->
     2.7002e-03     2.3165e-05     2.7018e-03     3.5598e+00     3.5991e-02     3.5608e+00        [0,1,1]    1
     5.5417e-03     3.2043e-05     5.5407e-03     5.1015e+00     3.4769e-02     5.1010e+00       [0,2,-1]    1
     7.0286e-03     6.5717e-05     7.0221e-03     5.7461e+00     6.3334e-02     5.7434e+00        [0,0,2]    1
     7.9583e-03     6.0300e-05     7.9684e-03     6.1148e+00     5.4623e-02     6.1187e+00        [0,1,2]    1
     8.6251e-03     4.3868e-05     8.6243e-03     6.3661e+00     3.8175e-02     6.3659e+00        [1,0,0]    1
     9.5728e-03     4.6415e-05     9.5706e-03     6.7073e+00     3.8347e-02     6.7065e+00        [1,1,0]    1
     1.0378e-02     5.3329e-05     1.0377e-02     6.9840e+00     4.2322e-02     6.9837e+00       [1,0,-1]    1
     1.0808e-02     5.9441e-05     1.0807e-02     7.1275e+00     4.6227e-02     7.1273e+00       [0,2,-2]    1
     1.1323e-02     5.7755e-05     1.1323e-02     7.2957e+00     4.3887e-02     7.2957e+00       [1,1,-1]    1
     1.2410e-02     5.7275e-05     1.2409e-02     7.6383e+00     4.1582e-02     7.6383e+00        [1,2,0]    1
     1.4163e-02     6.6000e-05     1.4162e-02     8.1611e+00     4.4866e-02     8.1608e+00       [1,2,-1]    1
     1.5151e-02     8.5864e-05     1.5141e-02     8.4414e+00     5.6444e-02     8.4386e+00        [0,4,0]    1
     1.6586e-02     8.9000e-05     1.6587e-02     8.8332e+00     5.5932e-02     8.8333e+00      [1,-1,-2]    1
     1.6894e-02     6.5783e-05     1.6896e-02     8.9148e+00     4.0965e-02     8.9155e+00        [0,4,1]    1
     1.8893e-02     8.1907e-05     1.8893e-02     9.4288e+00     4.8250e-02     9.4290e+00       [1,3,-1]    1
     1.9428e-02     9.2847e-05     1.9426e-02     9.5617e+00     5.3941e-02     9.5612e+00       [1,2,-2]    1
     2.2164e-02     6.9578e-05     2.2163e-02     1.0215e+01     3.7864e-02     1.0214e+01        [0,4,2]    1
     2.4333e-02     1.2617e-04     2.4316e-02     1.0704e+01     6.5554e-02     1.0701e+01       [0,3,-3]    1
     2.5486e-02     1.4103e-04     2.5517e-02     1.0956e+01     7.1611e-02     1.0963e+01       [1,4,-1]    1
     2.8211e-02     1.5669e-04     2.8218e-02     1.1529e+01     7.5663e-02     1.1530e+01       [1,-2,3]    1
   </IndexingResults>

   <OptimizedZeroShitParameters>
    <Parameter>     2.1706e-03  </Parameter>  <Error>     1.7550e-02  </Error>
   </OptimizedZeroShitParameters>
  </LatticeCandidate>

  <LatticeCandidate>
   <CrystalSystem>        Triclinic </CrystalSystem>

   <!-- a, b, c(angstrom), alpha, beta, gamma(deg.)-->
   <ReducedLatticeParameters>    1.0767e+01    2.3867e+01    3.2502e+01    9.0031e+01    9.0039e+01    9.0024e+01 </ReducedLatticeParameters>
   <OptimizedLatticeParameters>    1.0767e+01    2.3867e+01    3.2502e+01    9.0031e+01    9.0039e+01    9.0024e+01 </OptimizedLatticeParameters>

   <VolumeOfUnitCell>    8.3522e+03 </VolumeOfUnitCell>
   <FigureOfMeritWolff name="M20">    4.1389e+01 </FigureOfMeritWolff>
   <FigureOfMeritWu name="Mwu20">    9.0091e+01 </FigureOfMeritWu>
   <ReversedFigureOfMeritWolff name="Mrev20">    5.8799e+00 </ReversedFigureOfMeritWolff>
   <SymmetricFigureOfMeritWolff name="Msym20">    2.4336e+02 </SymmetricFigureOfMeritWolff>
   <!-- Number of reflections up to the 20th reflection. (The multiplicity of peaks is considered.)-->
   <NumberOfMillerIndicesInRange>    8.1000e+01 </NumberOfMillerIndicesInRange>
   <NumberOfIndexedPeaks>            20 </NumberOfIndexedPeaks>
   <NumberOfPeaksNecessaryToResolveDominantZone>            11 </NumberOfPeaksNecessaryToResolveDominantZone>

   <EquivalentLatticeCandidates>
<!-- Almost equivalent unitcell parameters of different centring types. -->
   </EquivalentLatticeCandidates>

   <IndexingResults>
    <!-- q_obs, q_err, q_cal, peak_pos, peak_width, pos_cal, hkl, fix_or_fit.-->
     2.6996e-03     2.3162e-05     2.7008e-03     3.5598e+00     3.5991e-02     3.5606e+00       [0,1,-1]    1
     5.5408e-03     3.2041e-05     5.5393e-03     5.1015e+00     3.4769e-02     5.1008e+00       [0,1,-2]    1
     7.0275e-03     6.5712e-05     7.0221e-03     5.7461e+00     6.3334e-02     5.7439e+00        [0,2,0]    1
     7.9572e-03     6.0296e-05     7.9660e-03     6.1148e+00     5.4623e-02     6.1182e+00       [0,2,-1]    1
     8.6240e-03     4.3865e-05     8.6258e-03     6.3661e+00     3.8175e-02     6.3668e+00        [1,0,0]    1
     9.5716e-03     4.6413e-05     9.5685e-03     6.7073e+00     3.8347e-02     6.7062e+00       [1,0,-1]    1
     1.0376e-02     5.3326e-05     1.0378e-02     6.9840e+00     4.2322e-02     6.9845e+00       [1,-1,0]    1
     1.0807e-02     5.9437e-05     1.0803e-02     7.1275e+00     4.6227e-02     7.1263e+00       [0,2,-2]    1
     1.1322e-02     5.7751e-05     1.1322e-02     7.2957e+00     4.3887e-02     7.2958e+00      [1,-1,-1]    1
     1.2408e-02     5.7272e-05     1.2405e-02     7.6383e+00     4.1582e-02     7.6372e+00       [1,0,-2]    1
     1.4161e-02     6.5997e-05     1.4161e-02     8.1611e+00     4.4866e-02     8.1608e+00       [1,1,-2]    1
     1.5149e-02     8.5859e-05     1.5146e-02     8.4414e+00     5.6444e-02     8.4406e+00        [0,0,4]    1
     1.6585e-02     8.8996e-05     1.6587e-02     8.8332e+00     5.5932e-02     8.8338e+00      [1,-2,-1]    1
     1.6892e-02     6.5780e-05     1.6896e-02     8.9148e+00     4.0965e-02     8.9159e+00       [0,1,-4]    1
     1.8891e-02     8.1904e-05     1.8889e-02     9.4288e+00     4.8250e-02     9.4282e+00       [1,1,-3]    1
     1.9426e-02     9.2843e-05     1.9426e-02     9.5617e+00     5.3941e-02     9.5617e+00      [1,-2,-2]    1
     2.2162e-02     6.9575e-05     2.2157e-02     1.0215e+01     3.7864e-02     1.0214e+01       [0,2,-4]    1
     2.4331e-02     1.2616e-04     2.4332e-02     1.0704e+01     6.5554e-02     1.0705e+01        [0,3,3]    1
     2.5484e-02     1.4102e-04     2.5510e-02     1.0956e+01     7.1611e-02     1.0961e+01       [1,1,-4]    1
     2.8209e-02     1.5668e-04     2.8203e-02     1.1529e+01     7.5663e-02     1.1528e+01      [1,-3,-2]    1
   </IndexingResults>

   <OptimizedZeroShitParameters>
    <Parameter>     1.7500e-03  </Parameter>  <Error>     2.0857e-02  </Error>
   </OptimizedZeroShitParameters>
  </LatticeCandidate>


 </ConographOutput>
</ZCodeParameters>
